,City,Lat,Lng,Max Temp,Humidity,Cloudiness,Wind Speed,Country,Date
0,Punta Arenas,-53.15,-70.9167,50.0,87,75,8.05,CL,1619113847
1,Busselton,-33.65,115.3333,57.99,79,100,1.01,AU,1619113847
2,Bluff,-46.6,168.3333,48.0,96,94,3.0,NZ,1619113847
3,Aksarka,66.5606,67.7975,36.9,90,100,16.22,RU,1619113847
4,Castro,-24.7911,-50.0119,63.7,71,85,1.79,BR,1619113848
5,Zelenokumsk,44.4069,43.8806,51.8,87,90,4.47,RU,1619113848
6,Tuktoyaktuk,69.4541,-133.0374,6.8,78,20,9.22,CA,1619113848
7,Ushuaia,-54.8,-68.3,46.4,87,90,3.44,AR,1619113697
8,Albany,42.6001,-73.9662,43.0,44,99,1.01,US,1619113849
9,Broken Hill,-31.95,141.4333,50.0,66,0,8.05,AU,1619113849
10,Kavaratti,10.5669,72.642,84.16,68,98,9.08,IN,1619113849
11,Locri,38.2414,16.2623,64.4,63,75,9.22,IT,1619113849
12,Kaitangata,-46.2817,169.8464,49.32,92,100,2.51,NZ,1619113850
13,Alice Springs,-23.7,133.8833,48.2,61,0,2.3,AU,1619113805
14,Sawākin,19.1059,37.3321,81.95,73,1,6.13,SD,1619113850
15,Nikolskoye,59.7035,30.7861,50.0,57,75,2.24,RU,1619113850
16,Jamestown,42.097,-79.2353,36.0,55,90,18.41,US,1619113851
17,Vaini,-21.2,-175.2,75.2,94,20,2.3,TO,1619113851
18,Faanui,-16.4833,-151.75,81.05,75,13,17.87,PF,1619113851
19,Ulaanbaatar,47.9077,106.8832,33.8,47,75,8.95,MN,1619113637
20,Port Alfred,-33.5906,26.891,68.86,79,27,20.13,ZA,1619113852
21,Puerto Ayora,-0.7393,-90.3518,84.2,70,20,17.27,EC,1619113578
22,Bengkulu,-3.8004,102.2655,75.29,87,100,3.85,ID,1619113852
23,Rikitea,-23.1203,-134.9692,77.79,75,62,19.22,PF,1619113852
24,Ribeira Grande,38.5167,-28.7,60.8,72,40,33.38,PT,1619113852
25,Shimoda,34.6667,138.95,54.0,79,42,1.01,JP,1619113853
26,Kjøllefjord,70.9457,27.3465,37.4,60,75,12.66,NO,1619113853
27,Valparaíso,-33.0393,-71.6273,60.01,100,75,3.44,CL,1619113853
28,Nanortalik,60.1432,-45.2371,39.15,69,97,3.11,GL,1619113854
29,Bealanana,-14.55,48.7333,64.81,98,100,3.47,MG,1619113854
30,Klaksvík,62.2266,-6.589,44.6,76,75,8.05,FO,1619113854
31,Hobart,-42.8794,147.3294,51.8,54,75,12.66,AU,1619113832
32,Chui,-33.6971,-53.4616,73.65,54,13,13.44,UY,1619113854
33,Ati,13.2154,18.3353,94.06,15,37,4.36,TD,1619113855
34,Fochville,-26.4886,27.4939,63.0,63,39,0.83,ZA,1619113855
35,Kānt,27.8,79.8,79.5,32,0,7.52,IN,1619113855
36,Seddon,-37.8068,144.8916,55.99,87,90,9.22,AU,1619113856
37,Serebryansk,49.6925,83.2892,30.2,64,20,13.42,KZ,1619113856
38,Schleswig,54.5167,9.55,46.99,61,40,23.02,DE,1619113856
39,Hilo,19.7297,-155.09,70.0,78,90,10.36,US,1619113855
40,Cape Town,-33.9258,18.4232,66.99,82,0,8.05,ZA,1619113643
41,Lagoa,39.05,-27.9833,58.12,78,100,41.0,PT,1619113857
42,Ploemeur,47.7333,-3.4333,66.2,42,0,14.97,FR,1619113857
43,Broadford,-37.2,145.0667,51.01,89,46,1.97,AU,1619113857
44,Adrar,20.5022,-10.0711,94.03,6,0,9.13,MR,1619113857
45,Maragogi,-9.0122,-35.2225,82.71,73,48,9.93,BR,1619113858
46,Udachny,66.4167,112.4,26.02,92,100,23.6,RU,1619113858
47,Wanaka,-44.7,169.15,50.0,98,100,3.85,NZ,1619113858
48,Akhtubinsk,48.2795,46.1722,57.74,55,81,6.35,RU,1619113859
49,Sambava,-14.2667,50.1667,76.68,88,91,11.39,MG,1619113859
50,Requena,39.4883,-1.1004,59.0,84,97,9.51,ES,1619113859
51,Tiksi,71.6872,128.8694,6.24,93,100,6.17,RU,1619113859
52,Airai,-8.9266,125.4092,58.39,90,35,1.16,TL,1619113860
53,Fuyang,32.9,115.8167,59.94,81,100,2.8,CN,1619113704
54,Viedma,-40.8135,-62.9967,65.35,51,99,9.06,AR,1619113860
55,Avarua,-21.2078,-159.775,75.2,94,90,13.8,CK,1619113860
56,Dunedin,-45.8742,170.5036,53.01,92,100,1.99,NZ,1619113786
57,Carlisle,40.2015,-77.1889,46.0,33,95,8.99,US,1619113843
58,Alofi,-19.0595,-169.9187,75.2,100,99,8.05,NU,1619113861
59,Saint Paul Harbor,57.79,-152.4072,42.8,87,90,13.8,US,1619113861
60,Vanimo,-2.6741,141.3028,78.06,85,98,5.91,PG,1619113861
61,Mandapam,9.2833,79.1167,84.7,76,55,17.85,IN,1619113862
62,Quelimane,-17.8786,36.8883,75.2,78,20,4.61,MZ,1619113862
63,Chokurdakh,70.6333,147.9167,-5.24,99,100,6.42,RU,1619113862
64,Bonthe,7.5264,-12.505,84.87,70,94,12.68,SL,1619113863
65,Lebu,-37.6167,-73.65,57.09,59,19,7.05,CL,1619113863
66,East London,-33.0153,27.9116,66.2,88,0,6.91,ZA,1619113863
67,Barrow,71.2906,-156.7887,14.0,73,1,8.05,US,1619113793
68,Hithadhoo,-0.6,73.0833,82.92,72,74,7.72,MV,1619113864
69,Saint George,37.1041,-113.5841,69.01,24,1,5.75,US,1619113864
70,Salinópolis,-0.6136,-47.3561,77.13,87,100,5.99,BR,1619113864
71,Mataura,-46.1927,168.8643,48.0,96,100,3.0,NZ,1619113864
72,Saint Anthony,45.0205,-93.218,62.01,26,1,12.66,US,1619113865
73,Olinda,-8.0089,-34.8553,84.2,61,20,8.05,BR,1619113865
74,Vestmannaeyjar,63.4427,-20.2734,46.4,76,90,18.41,IS,1619113865
75,Souillac,-20.5167,57.5167,80.01,81,100,1.99,MU,1619113865
76,Linxia Chengguanzhen,35.6003,103.2064,54.28,84,87,1.21,CN,1619113866
77,New Norfolk,-42.7826,147.0587,51.01,63,33,5.99,AU,1619113866
78,Port Elizabeth,-33.918,25.5701,66.2,88,0,16.11,ZA,1619113866
79,Iqaluit,63.7506,-68.5145,19.4,73,90,3.44,CA,1619113867
80,Hermanus,-34.4187,19.2345,66.99,73,19,7.58,ZA,1619113867
81,Diamantino,-14.4086,-56.4461,90.99,36,16,1.63,BR,1619113867
82,Peleduy,59.6289,112.7406,22.89,87,74,8.57,RU,1619113867
83,Sørland,67.667,12.6934,37.4,65,40,13.8,NO,1619113868
84,Canatlán,24.5167,-104.7833,75.0,13,20,23.02,MX,1619113868
85,Lavrentiya,65.5833,-171.0,23.47,61,72,2.08,RU,1619113868
86,Praia da Vitória,38.7333,-27.0667,62.01,88,75,29.33,PT,1619113869
87,Jorochito,-18.05,-63.4333,84.2,70,40,17.27,BO,1619113869
88,Praia,14.9215,-23.5087,77.0,57,40,21.85,CV,1619113869
89,Thompson,55.7435,-97.8558,28.4,74,90,14.97,CA,1619113869
90,Skibbereen,51.55,-9.2667,48.2,66,0,18.41,IE,1619113870
91,Bredasdorp,-34.5322,20.0403,60.8,88,6,13.8,ZA,1619113870
92,Krasnosel'kup,65.7,82.4667,28.17,94,96,15.05,RU,1619113870
93,Lorengau,-2.0226,147.2712,81.32,81,100,8.3,PG,1619113870
94,Shingū,33.7333,135.9833,54.52,54,30,6.31,JP,1619113871
95,Sartell,45.6216,-94.2069,60.01,26,1,11.5,US,1619113595
96,Kotapārh,19.15,82.35,87.35,31,97,1.41,IN,1619113871
97,Kunda,25.7167,81.5167,82.45,23,12,7.92,IN,1619113871
98,Cidreira,-30.1811,-50.2056,72.18,65,3,14.36,BR,1619113872
99,Atuona,-9.8,-139.0333,80.74,74,77,21.72,PF,1619113872
100,Black River,18.0264,-77.8487,84.2,61,20,12.66,JM,1619113872
101,Severo-Kuril'sk,50.6789,156.125,34.23,95,97,6.29,RU,1619113872
102,Vangaindrano,-23.35,47.6,71.56,88,51,2.35,MG,1619113873
103,Katsuura,35.1333,140.3,52.0,64,3,3.0,JP,1619113644
104,Cayenne,4.9333,-52.3333,84.2,74,40,9.22,GF,1619113873
105,Sterling,39.0062,-77.4286,50.0,34,75,17.27,US,1619113730
106,Whitehorse,60.7161,-135.0538,37.0,40,1,2.3,CA,1619113873
107,Saint-Philippe,-21.3585,55.7679,78.8,83,75,17.27,RE,1619113874
108,Boké,10.9409,-14.2967,90.88,39,79,13.0,GN,1619113874
109,Husavik,66.0449,-17.3389,41.0,81,40,12.66,IS,1619113874
110,Vostok,46.4856,135.8833,44.2,54,78,4.29,RU,1619113874
111,Tasiilaq,65.6145,-37.6368,30.2,51,90,3.44,GL,1619113875
112,Hare Bay,48.8499,-54.0148,59.0,44,98,10.36,CA,1619113875
113,Okha,53.5739,142.9478,34.72,82,81,9.48,RU,1619113875
114,Arbazh,57.6804,48.3065,39.38,94,53,4.79,RU,1619113876
115,Saint-Pierre,-21.3393,55.4781,78.8,83,75,17.27,RE,1619113876
116,Lexington,37.9887,-84.4777,51.01,37,75,19.57,US,1619113858
117,Kahului,20.8947,-156.47,72.0,88,20,3.44,US,1619113876
118,Miles City,46.4083,-105.8406,50.0,37,1,6.91,US,1619113877
119,Kununurra,-15.7667,128.7333,77.0,50,40,5.75,AU,1619113877
120,Klamath Falls,42.2249,-121.7817,57.0,37,1,6.91,US,1619113636
121,Kosino,58.4127,51.2782,42.39,87,100,10.96,RU,1619113877
122,Gorontalo,0.5412,123.0595,74.73,92,13,2.13,ID,1619113641
123,Pont-Saint-Esprit,44.2549,4.6474,69.8,37,63,5.75,FR,1619113878
124,Kapaa,22.0752,-159.319,73.99,88,20,5.75,US,1619113878
125,Pāthardi,19.1667,75.1833,87.76,18,71,5.17,IN,1619113873
126,Cherskiy,68.75,161.3,27.63,97,100,12.41,RU,1619113878
127,High Level,58.5169,-117.136,32.0,47,75,11.5,CA,1619113879
128,Shache,38.4167,77.2406,55.29,11,35,14.23,CN,1619113879
129,Mar del Plata,-38.0023,-57.5575,73.4,68,75,10.36,AR,1619113751
130,Victoria Falls,-17.9235,25.843,66.54,61,16,5.75,ZW,1619113879
131,Cockburn Town,21.4612,-71.1419,82.4,65,40,11.5,TC,1619113880
132,Narsaq,60.9167,-46.05,53.6,26,40,17.27,GL,1619113880
133,Hasaki,35.7333,140.8333,50.0,66,20,12.66,JP,1619113880
134,Arraial do Cabo,-22.9661,-42.0278,77.0,78,40,17.27,BR,1619113870
135,Faya,18.3851,42.4509,69.8,49,0,6.91,SA,1619113881
136,Ola,59.5833,151.2833,28.4,98,100,2.06,RU,1619113881
137,Patancheru,17.5314,78.265,81.0,57,75,2.3,IN,1619113881
138,Port Blair,11.6667,92.75,81.05,73,12,3.31,IN,1619113882
139,Anshun,26.25,105.9333,66.27,90,19,14.7,CN,1619113882
140,Bethel,41.3712,-73.414,45.0,33,75,10.36,US,1619113882
141,San Andrés,12.5847,-81.7006,86.0,66,20,14.97,CO,1619113882
142,Lagos,6.5833,3.75,87.8,70,40,5.75,NG,1619113594
143,Sibolga,1.7427,98.7792,76.73,88,100,2.64,ID,1619113883
144,Bengbu,32.9408,117.3608,59.4,92,100,4.81,CN,1619113883
145,Upernavik,72.7868,-56.1549,28.58,80,100,11.56,GL,1619113883
146,Ipixuna,-1.7625,-48.8043,75.2,94,75,4.61,BR,1619113884
147,Talnakh,69.4865,88.3972,30.81,95,100,9.42,RU,1619113884
148,Teknāf,20.8624,92.3058,77.59,89,11,6.98,BD,1619113884
149,Torbay,47.6666,-52.7314,53.6,40,90,21.85,CA,1619113885
150,Ancud,-41.8697,-73.8203,53.01,100,90,14.97,CL,1619113885
151,La Chapelle-sur-Erdre,47.2958,-1.5531,68.0,42,0,16.11,FR,1619113885
152,Coyhaique,-45.5752,-72.0662,51.8,62,75,5.75,CL,1619113885
153,Bethal,-26.4579,29.4655,64.0,55,61,3.29,ZA,1619113886
154,Bilibino,68.0546,166.4372,7.59,89,87,1.97,RU,1619113886
155,Vila Velha,-20.3297,-40.2925,82.0,69,40,11.5,BR,1619113880
156,Mount Gambier,-37.8333,140.7667,50.0,100,75,8.05,AU,1619113886
157,Rockport,28.0206,-97.0544,73.4,78,90,16.11,US,1619113887
158,Isangel,-19.55,169.2667,76.95,89,68,7.47,VU,1619113887
159,Gunjur,13.2019,-16.7339,82.4,57,0,10.36,GM,1619113887
160,Longyearbyen,78.2186,15.6401,17.6,73,75,5.75,SJ,1619113888
161,Port Hardy,50.6996,-127.4199,50.0,81,75,9.22,CA,1619113888
162,Ouadda,8.0777,22.4007,79.47,46,84,5.5,CF,1619113888
163,Mysłowice,50.2075,19.1667,46.99,99,42,8.77,PL,1619113876
164,Sangar,63.9242,127.4739,-1.41,99,77,1.99,RU,1619113888
165,Ruteng,-8.6136,120.4721,61.38,93,55,3.0,ID,1619113889
166,Bathsheba,13.2167,-59.5167,86.0,54,40,20.71,BB,1619113889
167,Hong Kong,22.2855,114.1577,77.0,83,0,1.01,HK,1619113873
168,Novobirilyussy,56.9514,90.6661,22.3,94,9,2.46,RU,1619113889
169,Kytmanovo,53.4593,85.4479,29.26,79,25,9.6,RU,1619113890
170,Fort Nelson,58.8053,-122.7002,33.8,51,75,3.44,CA,1619113890
171,Mahébourg,-20.4081,57.7,80.01,81,100,1.99,MU,1619113890
172,Ilulissat,69.2167,-51.1,30.2,69,75,5.44,GL,1619113890
173,Beringovskiy,63.05,179.3167,11.91,88,51,5.79,RU,1619113891
174,Khandyga,62.6667,135.6,5.18,98,89,1.34,RU,1619113891
175,Coquimbo,-29.9533,-71.3436,60.8,82,90,11.5,CL,1619113875
176,Santa Maria,-29.6842,-53.8069,82.4,47,20,8.05,BR,1619113891
177,Santa Vitória do Palmar,-33.5189,-53.3681,73.35,56,12,13.82,BR,1619113892
178,Aquin,18.2833,-73.4,82.78,61,26,5.97,HT,1619113892
179,Paita,-5.0892,-81.1144,86.0,51,0,16.11,PE,1619113892
180,Laem Sing,12.4816,102.0738,84.0,94,99,7.81,TH,1619113893
181,Saskylakh,71.9167,114.0833,6.58,97,96,5.28,RU,1619113893
182,Kiryat Gat,31.61,34.7642,66.0,38,2,1.99,IL,1619113864
183,Pervomayskoye,43.919,46.7102,55.99,65,100,5.01,RU,1619113893
184,Pevek,69.7008,170.3133,16.59,67,88,11.86,RU,1619113893
185,Nizhniy Tsasuchey,50.5167,115.1333,36.09,27,70,16.02,RU,1619113894
186,North Platte,41.1239,-100.7654,48.99,49,90,19.57,US,1619113894
187,Beloha,-25.1667,45.05,70.34,79,10,18.14,MG,1619113894
188,San Quintín,30.4833,-115.95,61.21,63,91,12.97,MX,1619113894
189,Masuguru,-11.3667,38.4167,71.67,95,18,3.38,TZ,1619113895
190,Moree,-29.4667,149.85,44.6,70,0,7.92,AU,1619113895
191,Flinders,-34.5833,150.8552,57.0,59,0,5.01,AU,1619113895
192,Igarka,67.4667,86.5833,32.07,97,100,11.95,RU,1619113896
193,Cabo San Lucas,22.8909,-109.9124,82.99,28,40,9.22,MX,1619113697
194,Khatanga,71.9667,102.5,10.58,96,77,3.94,RU,1619113896
195,Puerto Ayacucho,5.6639,-67.6236,95.09,38,12,1.97,VE,1619113896
196,Ponta do Sol,32.6667,-17.1,66.0,90,100,1.99,PT,1619113896
197,Flin Flon,54.7682,-101.865,23.0,86,90,16.11,CA,1619113897
198,Tazovsky,67.4667,78.7,34.18,94,100,17.49,RU,1619113897
199,Anito,12.4497,125.2886,75.7,91,86,4.27,PH,1619113897
200,Kruisfontein,-34.0033,24.7314,66.99,81,1,4.0,ZA,1619113898
201,Mayo,38.8876,-76.5119,52.0,36,75,11.5,US,1619113898
202,Comodoro Rivadavia,-45.8667,-67.5,55.4,50,75,5.75,AR,1619113886
203,Doha,25.2867,51.5333,89.6,48,0,6.91,QA,1619113898
204,Egvekinot,66.3167,-179.1667,22.08,48,30,3.38,RU,1619113898
205,Berlevåg,70.8578,29.0864,37.4,65,20,13.8,NO,1619113899
206,Saint-Augustin,51.226,-58.6502,45.18,74,100,22.64,CA,1619113899
207,Aksaray,38.3726,34.0254,55.4,44,0,4.61,TR,1619113899
208,Dwārka,22.2394,68.9678,81.05,80,0,13.2,IN,1619113900
209,Yellowknife,62.456,-114.3525,17.6,49,75,24.16,CA,1619113900
210,George Town,5.4112,100.3354,81.0,94,40,5.1,MY,1619113900
211,Umm Kaddadah,13.6017,26.6876,88.79,13,39,10.71,SD,1619113900
212,Bhag,29.0415,67.8239,92.7,9,0,9.98,PK,1619113901
213,Ishigaki,24.3448,124.1572,74.25,91,100,20.65,JP,1619113901
214,Fortuna,40.5982,-124.1573,48.99,100,75,11.5,US,1619113901
215,Puerto Baquerizo Moreno,-0.9,-89.6,84.2,65,20,17.27,EC,1619113901
216,Port Augusta,-32.5,137.7667,59.0,77,75,6.91,AU,1619113902
217,Petukhovo,55.0692,67.9019,41.43,44,89,13.87,RU,1619113902
218,Prince Rupert,54.3161,-130.3201,46.4,81,1,3.44,CA,1619113902
219,San Patricio,28.017,-97.5169,73.4,73,90,12.66,US,1619113903
220,Mitú,1.1983,-70.1733,92.14,47,63,2.75,CO,1619113903
221,Fontem,5.4685,9.8818,71.78,87,93,0.96,CM,1619113708
222,Broome,42.2506,-75.833,37.0,74,90,19.57,US,1619113903
223,Msanga,-6.05,36.0333,73.4,68,20,9.22,TZ,1619113903
224,Najrān,17.4924,44.1277,82.4,14,0,6.91,SA,1619113904
225,Biak,-0.9131,122.8766,76.28,85,84,5.53,ID,1619113904
226,Savinka,50.0785,47.0994,53.89,69,67,7.78,RU,1619113904
227,Raahe,64.6833,24.4833,36.0,86,0,5.75,FI,1619113904
228,Taber,49.8167,-112.1518,30.2,86,100,20.71,CA,1619113905
229,Olafsvik,64.8945,-23.7142,42.46,89,100,18.88,IS,1619113905
230,Karpogory,64.0019,44.4451,38.68,91,100,9.33,RU,1619113905
231,Clyde River,70.4692,-68.5914,19.4,63,1,11.5,CA,1619113906
232,Atar,20.5169,-13.0499,96.66,6,0,10.25,MR,1619113906
233,Ikorodu,6.6191,3.5041,87.8,70,40,5.75,NG,1619113906
234,Salalah,17.0151,54.0924,80.47,69,5,3.76,OM,1619113906
235,Dikson,73.5069,80.5464,31.89,90,96,20.87,RU,1619113907
236,Ketchikan,55.3422,-131.6461,48.2,43,1,11.5,US,1619113907
237,Camacupa,-12.0167,17.4833,67.73,68,95,3.06,AO,1619113907
238,Yulara,-25.2406,130.9889,59.0,55,0,9.22,AU,1619113907
239,Norman Wells,65.282,-126.8329,23.0,42,75,12.66,CA,1619113908
240,Kupang,-10.1667,123.5833,76.06,84,20,5.44,ID,1619113908
241,Port Hedland,-20.3167,118.5667,69.8,35,6,6.91,AU,1619113908
242,Vilyuysk,63.7553,121.6247,21.51,91,99,9.57,RU,1619113909
243,Makakilo City,21.3469,-158.0858,75.0,78,1,4.61,US,1619113909
244,Tokmak,47.2514,35.7058,51.46,78,100,9.08,UA,1619113909
245,Burns Lake,54.2331,-125.7533,37.4,38,15,2.3,CA,1619113909
246,Sola,-13.8833,167.55,82.92,75,98,14.0,VU,1619113910
247,Karratha,-20.7377,116.8463,77.95,25,4,8.57,AU,1619113910
248,Grand-Santi,4.25,-54.3833,81.16,89,74,4.18,GF,1619113785
249,Chardara,41.2547,67.9692,51.49,53,0,11.32,KZ,1619113910
250,Puerto Escondido,15.85,-97.0667,86.0,79,40,8.05,MX,1619113706
251,Utete,-7.986,38.758,73.13,95,39,2.46,TZ,1619113911
252,Deputatsky,69.3,139.9,-7.33,99,94,2.37,RU,1619113911
253,Jaltenango,15.8719,-92.7247,93.69,33,43,4.65,MX,1619113911
254,Calabozo,8.9242,-67.4293,98.17,27,4,7.9,VE,1619113911
255,Butaritari,3.0707,172.7902,81.5,75,95,8.86,KI,1619113912
256,Nome,64.5011,-165.4064,35.6,55,1,8.05,US,1619113912
257,Presidente Olegário,-18.4178,-46.4181,82.99,42,0,4.16,BR,1619113912
258,Kennett,36.2362,-90.0556,55.4,35,1,5.75,US,1619113913
259,Guerrero Negro,27.9769,-114.0611,64.81,53,84,13.62,MX,1619113615
260,Anloga,5.7947,0.8973,86.0,70,20,11.5,GH,1619113913
261,Mataram,-8.5833,116.1167,73.4,88,40,4.25,ID,1619113913
262,Mattawa,46.7379,-119.9028,59.0,35,65,11.01,US,1619113913
263,Talcahuano,-36.7167,-73.1167,60.8,72,0,9.22,CL,1619113914
264,Mehamn,71.0357,27.8492,37.4,60,75,12.66,NO,1619113914
265,Ust-Tsilma,65.441,52.1498,38.82,88,100,9.44,RU,1619113914
266,Montrose,38.4166,-108.2673,59.0,17,75,16.11,US,1619113915
267,Hay River,60.8156,-115.7999,24.8,58,100,13.8,CA,1619113915
268,Mason,39.3601,-84.3099,51.01,53,1,17.27,US,1619113682
269,Sioux Lookout,50.1001,-91.917,53.6,35,40,8.05,CA,1619113915
270,Bakel,14.905,-12.4568,104.99,8,63,6.58,SN,1619113915
271,Camacha,33.0833,-16.3333,71.6,73,40,11.5,PT,1619113916
272,Sinjai,-5.1241,120.253,73.51,88,94,4.03,ID,1619113916
273,Archena,38.1163,-1.3004,64.4,72,40,4.61,ES,1619113916
274,Tarbagatay,51.4803,107.3602,28.4,54,75,4.47,RU,1619113917
275,Alta,69.9689,23.2717,35.6,55,0,6.91,NO,1619113917
276,Oeiras do Pará,-2.0031,-49.8544,78.73,93,79,6.33,BR,1619113917
277,Kamenka,51.3223,42.7678,51.01,72,90,4.63,RU,1619113917
278,Port-Gentil,-0.7193,8.7815,79.21,81,98,13.89,GA,1619113918
279,Sinazongwe,-17.2614,27.4618,72.93,63,5,4.5,ZM,1619113918
280,Manggar,-2.8833,108.2667,81.14,73,66,6.55,ID,1619113918
281,Pisco,-13.7,-76.2167,66.2,88,75,10.36,PE,1619113919
282,Wajir,1.7471,40.0573,84.2,65,75,9.22,KE,1619113919
283,Sobolevo,54.4299,31.8996,47.14,85,60,8.19,RU,1619113919
284,Sovetskiy,61.3614,63.5842,47.68,58,99,7.67,RU,1619113919
285,Lerwick,60.1545,-1.1494,46.4,66,40,10.36,GB,1619113920
286,Gigmoto,13.7796,124.39,78.49,89,93,6.62,PH,1619113920
287,Maceió,-9.6658,-35.7353,87.8,66,40,11.5,BR,1619113792
288,Matiri,-10.75,34.9,59.16,91,50,3.78,TZ,1619113920
289,Morón,-34.6534,-58.6198,78.01,57,0,10.36,AR,1619113872
290,Key Largo,25.0865,-80.4473,82.0,79,10,7.63,US,1619113921
291,Leningradskiy,69.3833,178.4167,25.03,69,91,4.63,RU,1619113921
292,Sungai Penuh,-2.0833,101.3833,64.9,97,100,1.21,ID,1619113921
293,Mahibadhoo,3.7833,72.9667,82.78,75,41,11.86,MV,1619113922
294,Qaanaaq,77.484,-69.3632,23.11,80,100,7.81,GL,1619113922
295,Lata,40.1629,-8.3327,66.99,67,20,5.75,PT,1619113922
296,Nhlangano,-27.1167,31.2,57.09,89,43,1.28,SZ,1619113922
297,Dingle,10.9995,122.6711,77.43,86,49,6.22,PH,1619113923
298,Mwinilunga,-11.7358,24.4293,67.28,75,100,3.87,ZM,1619113923
299,Genhe,50.7833,121.5167,33.98,70,60,9.75,CN,1619113923
300,Ontario,34.0633,-117.6509,60.01,82,90,4.61,US,1619113924
301,Kashan,33.9831,51.4364,81.93,23,75,11.1,IR,1619113924
302,Pierre,44.3683,-100.351,55.0,35,90,20.71,US,1619113740
303,Los Arabos,22.7281,-80.7214,95.34,30,24,11.21,CU,1619113924
304,Chumikan,54.7183,135.315,30.11,96,100,2.51,RU,1619113925
305,Luwuk,-0.9516,122.7875,76.91,87,95,4.63,ID,1619113925
306,Sarangani,5.4033,125.4636,82.76,76,6,15.97,PH,1619113925
307,Bandarbeyla,9.4942,50.8122,83.77,74,32,9.75,SO,1619113912
308,Sarakhs,36.5449,61.1577,71.6,14,0,11.5,IR,1619113925
309,Channel-Port aux Basques,47.5702,-59.1367,41.47,97,100,30.18,CA,1619113926
310,Ulladulla,-35.35,150.4667,53.6,54,0,12.66,AU,1619113926
311,Vardø,70.3705,31.1107,33.8,93,75,18.41,NO,1619113926
312,Guajará,-2.9667,-57.6667,85.95,72,80,2.35,BR,1619113926
313,Alta Floresta,-9.8756,-56.0861,89.6,55,75,3.44,BR,1619113927
314,Tautira,-17.7333,-149.15,78.8,78,20,4.61,PF,1619113927
315,Shediac,46.2198,-64.5411,44.6,70,40,27.63,CA,1619113927
316,Chapais,49.7834,-74.8492,26.6,59,90,13.8,CA,1619113928
317,College,64.8569,-147.8028,43.0,44,1,4.61,US,1619113928
318,Buraidah,26.326,43.975,89.6,17,20,8.05,SA,1619113922
319,Sinnamary,5.3833,-52.95,79.86,87,71,13.24,GF,1619113928
320,Esperance,-33.8667,121.9,53.6,94,100,5.75,AU,1619113928
321,Bilma,18.6853,12.9164,94.44,10,13,6.04,NE,1619113929
322,Tommot,58.9564,126.2925,9.18,97,79,3.22,RU,1619113929
323,Angoche,-16.2325,39.9086,78.24,76,76,9.62,MZ,1619113929
324,Provideniya,64.3833,-173.3,32.67,44,39,6.55,RU,1619113930
325,Nishihara,26.1842,127.7558,71.6,100,90,19.57,JP,1619113930
326,Oddur,4.1213,43.8894,80.24,64,95,10.0,SO,1619113930
327,San Jerónimo,-11.9472,-75.2829,62.83,44,21,4.16,PE,1619113930
328,Qui Nhon,13.7667,109.2333,77.99,90,98,3.62,VN,1619113931
329,Yanji,42.9075,129.5078,45.59,71,100,3.22,CN,1619113931
330,Port Lincoln,-34.7333,135.8667,60.21,72,100,8.99,AU,1619113931
331,Jāmtāra,23.95,86.8,83.64,27,76,4.05,IN,1619113932
332,Chul'man,56.8479,124.9104,6.75,97,52,3.98,RU,1619113932
333,Saint-Louis,16.3333,-15.0,105.8,15,0,9.28,SN,1619113932
334,Mindelo,16.8901,-24.9804,77.0,53,40,28.77,CV,1619113932
335,Hamilton,39.1834,-84.5333,51.01,40,90,13.8,US,1619113933
336,Soe,-9.8607,124.284,63.09,94,37,2.93,ID,1619113933
337,Rengo,-34.4167,-70.8667,62.6,63,75,6.91,CL,1619113917
338,Plettenberg Bay,-34.0527,23.3716,65.82,87,0,10.83,ZA,1619113933
339,Buchanan,5.8808,-10.0467,87.8,70,75,11.5,LR,1619113934
340,Vao,-22.6667,167.4833,73.85,79,49,7.72,NC,1619113934
341,Hualmay,-11.0964,-77.6139,73.11,72,35,9.53,PE,1619113955
342,Port Macquarie,-31.4333,152.9167,46.0,83,0,9.04,AU,1619113956
343,Kirakira,-10.4544,161.9205,79.74,84,94,6.15,SB,1619113956
344,Colonia Carlos Antonio López,-26.4,-54.7667,84.69,29,14,3.76,PY,1619113956
345,Konolfingen,46.8791,7.6201,59.0,47,40,8.05,CH,1619113956
346,Vitória da Conquista,-14.8661,-40.8394,76.42,66,98,2.75,BR,1619113910
347,Hofn,64.2539,-15.2082,39.7,77,78,11.41,IS,1619113957
348,Andenes,69.3143,16.1194,35.6,80,75,8.05,NO,1619113957
349,Korem,12.5058,39.5228,62.56,38,90,4.65,ET,1619113957
350,Ninotsminda,41.2646,43.5916,53.6,58,53,9.22,GE,1619113958
351,Gallup,35.5281,-108.7426,57.2,24,20,23.02,US,1619113958
352,Altamirano,16.8833,-92.15,76.86,41,51,5.32,MX,1619113958
353,Rzhev,56.2624,34.3282,48.33,80,81,8.88,RU,1619113958
354,Bambous Virieux,-20.3428,57.7575,80.01,81,100,1.99,MU,1619113959
355,Mangochi,-14.4782,35.2645,68.95,90,33,7.18,MW,1619113959
356,Kualakapuas,-3.0091,114.3876,75.2,100,52,2.3,ID,1619113959
357,Tigil',57.8,158.6667,31.05,97,100,2.89,RU,1619113960
358,Cabedelo,-6.9811,-34.8339,86.0,70,40,11.5,BR,1619113960
359,Abbeville,50.1,1.8333,53.6,50,0,10.36,FR,1619113855
360,Mabaruma,8.2,-59.7833,87.19,51,76,8.7,GY,1619113960
361,Tateyama,34.9833,139.8667,54.0,64,0,3.0,JP,1619113960
362,Geraldton,-28.7667,114.6,62.6,88,100,5.1,AU,1619113961
363,Rocha,-34.4833,-54.3333,72.77,59,12,10.69,UY,1619113961
364,Fenyi,27.8112,114.6681,68.04,93,54,2.24,CN,1619113961
365,Constitución,-35.3333,-72.4167,61.61,70,84,11.27,CL,1619113962
366,Bethanien,-26.502,17.1583,80.17,21,58,5.82,NA,1619113962
367,Balmullo,56.3769,-2.9294,55.4,58,0,12.66,GB,1619113962
368,Christchurch,-43.5333,172.6333,53.01,93,94,2.3,NZ,1619113963
369,Algiers,36.7525,3.042,62.6,82,75,3.44,DZ,1619113870
370,Imbituba,-28.24,-48.6703,75.2,57,40,6.91,BR,1619113963
371,Smithers,54.7804,-127.1743,42.8,39,20,6.91,CA,1619113963
372,Hūn,29.1268,15.9477,80.37,14,89,21.92,LY,1619113964
373,Noumea,-22.2763,166.4572,77.0,94,90,4.7,NC,1619113807
374,Kondagaon,19.6,81.6667,80.65,31,100,3.42,IN,1619113964
375,Mil'kovo,54.7167,158.6167,28.38,92,62,1.95,RU,1619113964
376,Terney,45.0503,136.6092,41.85,60,46,4.61,RU,1619113964
377,Nizwá,22.9333,57.5333,85.98,14,72,5.84,OM,1619113965
378,Hailey,43.5196,-114.3153,53.01,30,1,10.36,US,1619113965
379,Kudahuvadhoo,2.6708,72.8944,82.94,71,32,11.86,MV,1619113965
380,Babati,-4.2167,35.75,63.34,81,100,3.76,TZ,1619113966
381,Kyabé,9.4515,18.9449,94.01,24,96,3.71,TD,1619113966
382,Codrington,-38.2667,141.9667,54.55,77,75,10.33,AU,1619113966
383,Kuril'sk,45.2333,147.8833,32.36,95,84,10.87,RU,1619113966
384,Nouadhibou,20.931,-17.0347,71.6,64,0,20.71,MR,1619113850
385,Rodrigues Alves,-7.738,-72.6509,87.8,70,75,4.61,BR,1619113967
386,Erzin,36.9559,36.2,64.0,78,0,2.06,TR,1619113967
387,Honningsvåg,70.9821,25.9704,32.0,100,75,5.75,NO,1619113967
388,Porto Nacional,-10.7081,-48.4172,77.0,94,75,13.8,BR,1619113968
389,Tomatlán,19.9333,-105.25,93.13,21,99,7.7,MX,1619113968
390,Kosh-Agach,50.0,88.6667,22.03,59,85,4.21,RU,1619113968
391,Sabla,12.7525,4.7077,98.29,19,53,6.64,NG,1619113968
392,Bouloupari,-21.8667,166.05,69.8,94,90,3.44,NC,1619113969
393,Lüderitz,-26.6481,15.1594,64.13,82,0,9.24,NA,1619113969
394,Watsa,3.0372,29.5355,65.46,98,92,2.28,CD,1619113969
395,Grindavik,63.8424,-22.4338,46.4,87,90,26.46,IS,1619113969
396,Ghanzi,-21.5667,21.7833,65.79,31,25,5.66,BW,1619113970
397,Caluquembe,-13.7833,14.6833,67.64,52,95,0.31,AO,1619113970
398,Nurota,40.5614,65.6886,60.8,33,0,13.8,UZ,1619113755
399,Yugorsk,61.3133,63.3319,47.91,55,98,7.11,RU,1619113970
400,Merauke,-8.4667,140.3333,78.96,86,85,4.32,ID,1619113971
401,Atambua,-9.1061,124.8925,71.11,87,11,4.14,ID,1619113971
402,Santa Rosa,14.3122,121.1114,82.4,78,75,6.91,PH,1619113971
403,Rāmgarh,23.6333,85.5167,78.8,57,40,1.39,IN,1619113971
404,Hot Springs,34.5037,-93.0552,55.99,38,90,4.74,US,1619113811
405,Poya,-21.35,165.15,72.27,91,42,4.07,NC,1619113972
406,Lompoc,34.6391,-120.4579,51.8,76,69,3.44,US,1619113942
407,Teacapan,22.55,-105.75,82.36,40,99,8.34,MX,1619113972
408,Zemio,5.0314,25.1361,80.01,54,66,3.91,CF,1619113972
409,Baiyin,36.5583,104.2081,53.6,66,0,2.24,CN,1619113973
410,La Ronge,55.1001,-105.2842,24.8,63,99,18.41,CA,1619113973
411,Namatanai,-3.6667,152.4333,78.69,82,93,1.14,PG,1619113973
412,Aberdeen,57.1437,-2.0981,50.0,53,50,6.91,GB,1619113711
413,Zinder,13.8072,8.9881,90.3,7,50,3.87,NE,1619113974
414,Kiunga,-6.1219,141.2906,72.72,99,100,2.26,PG,1619113974
415,Cauquenes,-35.9671,-72.3225,63.3,60,95,4.18,CL,1619113974
416,Adeje,28.1227,-16.726,73.4,56,20,13.8,ES,1619113975
417,Bālurghāt,25.2167,88.7667,76.01,60,85,10.07,IN,1619113975
418,Mpika,-11.8343,31.4529,59.27,95,39,4.03,ZM,1619113975
419,Giohar,2.7809,45.5005,81.73,71,100,11.48,SO,1619113975
420,Rawson,-43.3002,-65.1023,59.81,44,92,15.08,AR,1619113854
421,Beihai,21.4833,109.1,77.38,88,0,10.47,CN,1619113976
422,Narón,43.5167,-8.1528,59.0,88,40,10.36,ES,1619113976
423,Madaoua,14.073,5.96,97.05,20,99,2.26,NE,1619113976
424,Murdochville,48.9583,-65.5006,42.8,93,100,10.36,CA,1619113977
425,Riyadh,24.6877,46.7219,91.4,14,0,4.61,SA,1619113807
426,Darhan,49.4867,105.9228,26.49,92,100,10.38,MN,1619113977
427,Vila Franca do Campo,37.7167,-25.4333,60.8,77,75,33.38,PT,1619113977
428,Brae,60.3964,-1.353,46.4,66,40,10.36,GB,1619113978
429,Jumla,29.2747,82.1838,38.64,84,40,5.88,NP,1619113978
430,Oruzgan,32.8333,66.0,62.22,17,0,6.15,AF,1619113978
431,The Pas,53.8251,-101.2541,32.0,69,90,19.57,CA,1619113979
432,Madimba,-10.4,40.3333,78.8,83,20,12.66,TZ,1619113979
433,Almazar,40.3217,69.0106,53.6,71,0,2.24,UZ,1619113979
434,Māchhīwāra,30.9147,76.1983,71.92,46,64,11.63,IN,1619113979
435,Carnarvon,-24.8667,113.6333,71.6,83,75,6.91,AU,1619113980
436,Hīt,33.6416,42.8251,85.73,11,100,16.6,IQ,1619113980
437,Yangi Marg`ilon,40.4272,71.7189,53.6,62,0,4.61,UZ,1619113980
438,Pangnirtung,66.1451,-65.7125,19.4,86,75,4.61,CA,1619113981
439,Aklavik,68.2191,-135.0107,19.4,68,90,4.61,CA,1619113532
440,Ozernovskiy,51.5,156.5167,33.48,91,25,1.14,RU,1619113981
441,Sur,22.5667,59.5289,87.82,33,10,9.24,OM,1619113981
442,Daru,-9.0763,143.2092,78.69,86,99,3.74,PG,1619113591
443,Novoseleznëvo,55.6821,69.2056,38.28,50,21,13.02,RU,1619113982
444,Tuatapere,-46.1333,167.6833,48.0,96,66,3.0,NZ,1619113982
445,Margate,51.3813,1.3862,46.0,60,11,3.0,GB,1619113983
446,Hambantota,6.1241,81.1185,80.51,82,30,13.04,LK,1619113983
447,Ridgecrest,35.6225,-117.6709,73.0,14,1,4.41,US,1619113983
448,La Palma,33.8464,-118.0467,62.01,77,90,3.44,US,1619113984
449,Nerópolis,-16.4064,-49.2186,82.4,34,0,4.61,BR,1619113984
450,Dhidhdhoo,6.8833,73.1,84.07,71,15,8.61,MV,1619113984
451,Cloquet,46.7216,-92.4594,60.01,24,1,9.22,US,1619113985
452,Filoti,37.05,25.5,62.6,59,21,4.61,GR,1619113985
453,Usinsk,65.9939,57.5281,37.89,98,100,20.22,RU,1619113985
454,Deoria,26.5047,83.7872,83.28,23,35,7.25,IN,1619113985
455,Saint-François,46.4154,3.9054,66.2,37,0,6.91,FR,1619113986
456,Ranong,9.9658,98.6348,81.5,81,100,5.99,TH,1619113986
457,Xining,36.6167,101.7667,51.69,70,72,2.3,CN,1619113986
458,Ballina,-28.8667,153.5667,50.0,71,1,4.61,AU,1619113987
459,Nhulunbuy,-12.2333,136.7667,80.6,83,40,10.36,AU,1619113987
460,Dakar,14.6937,-17.4441,73.4,78,0,9.22,SN,1619113708
461,Sananduva,-27.9497,-51.8067,74.12,44,19,4.7,BR,1619113987
462,Rupert,42.6191,-113.6772,55.4,24,1,14.97,US,1619113740
463,Tamandaré,-8.7597,-35.1047,83.62,71,35,9.01,BR,1619113987
464,Laguna de Perlas,12.3429,-83.6712,86.0,70,75,9.22,NI,1619113988
465,Porto Velho,-8.7619,-63.9039,89.6,62,40,3.44,BR,1619113988
466,Cooma,-36.2333,149.1333,28.4,93,0,1.14,AU,1619113988
467,Basco,20.4487,121.9702,78.35,79,19,16.15,PH,1619113534
468,Sabha,27.0377,14.4283,86.16,12,67,12.06,LY,1619113989
469,Guangzhou,23.1167,113.25,87.01,36,33,5.06,CN,1619113722
470,Mossamedes,-15.1961,12.1522,80.24,81,14,6.91,AO,1619113989
471,Vanavara,60.34,102.2797,26.49,89,86,7.81,RU,1619113989
472,Charleston,32.7766,-79.9309,63.0,26,1,8.05,US,1619113847
473,Lázaro Cárdenas,17.9583,-102.2,87.08,29,99,8.01,MX,1619113990
474,Sittwe,20.15,92.9,81.12,80,11,10.04,MM,1619113990
475,Colares,38.7992,-9.4469,64.0,67,20,10.36,PT,1619113990
476,Livingston,55.9029,-3.5226,60.8,36,0,6.91,GB,1619113991
477,Kincardine,56.0667,-3.7167,60.8,36,0,6.91,GB,1619113991
478,Harper,4.375,-7.7169,83.34,76,52,11.25,LR,1619113991
479,Celestún,20.8667,-90.4,86.56,61,7,7.56,MX,1619113992
480,Bereda,43.2686,-7.5406,60.01,80,76,5.01,ES,1619113580
481,Isiolo,0.3546,37.5822,72.34,65,100,9.37,KE,1619113992
482,Rovaniemi,66.5,25.7167,37.4,81,0,11.5,FI,1619113992
483,Seoul,37.5683,126.9778,62.6,48,0,2.3,KR,1619113992
484,Meridian,43.6121,-116.3915,62.01,26,1,6.91,US,1619113993
485,Makubetsu,45.3714,141.8211,33.73,88,18,1.95,JP,1619113993
486,Araouane,18.9048,-3.5265,97.88,8,65,5.14,ML,1619113993
487,San Cristobal,7.7669,-72.225,89.6,51,20,13.8,VE,1619113994
488,Alihe,50.5667,123.7167,40.5,63,98,7.72,CN,1619113994
489,Raja,8.4596,25.678,87.87,33,91,6.44,SS,1619113994
490,Asău,46.4333,26.4,55.0,36,78,6.29,RO,1619113994
491,Erenhot,43.6475,111.9767,56.25,58,14,8.61,CN,1619113995
492,Sindgi,16.9167,76.2333,89.11,37,97,19.6,IN,1619113995
493,Yokadouma,3.5167,15.05,75.13,83,87,2.48,CM,1619113995
494,Köping,59.514,15.9926,41.0,81,90,3.44,SE,1619113996
495,Monticello,45.3055,-93.7941,60.8,26,1,14.38,US,1619113996
496,Korāput,18.8167,82.7167,80.22,50,95,4.23,IN,1619113996
497,Mnogovershinnyy,53.9353,139.9242,33.49,98,100,4.18,RU,1619113996
498,Uinskoye,56.8817,56.5813,38.35,96,100,11.1,RU,1619113997
499,Murgab,37.4966,61.9714,64.4,39,20,4.61,TM,1619113997
500,Orchard Homes,46.8633,-114.0484,50.0,49,90,1.12,US,1619113997
501,Tambun,-6.2641,107.0712,86.0,83,40,5.75,ID,1619113997
502,Sorong,-0.8833,131.25,78.6,88,93,5.97,ID,1619113998
503,Sherpur,25.0188,90.0175,74.14,67,35,4.68,BD,1619113998
504,Matagami,49.7502,-77.6328,32.0,55,75,19.57,CA,1619113998
505,Chake Chake,-5.2459,39.7666,78.73,82,100,10.2,TZ,1619113999
506,Chimoio,-19.1164,33.4833,64.4,100,40,4.61,MZ,1619113999
507,Umluj,25.0213,37.2685,81.48,59,37,5.46,SA,1619113999
508,Shelburne,44.0787,-80.2041,39.99,68,100,18.37,CA,1619113999
509,Paamiut,61.994,-49.6678,35.22,78,94,3.91,GL,1619114000
510,Bonavista,48.6499,-53.1147,59.0,44,84,10.36,CA,1619113737
511,Kaeo,-35.1,173.7833,58.42,87,99,2.33,NZ,1619114000
512,Nelson Bay,-32.7167,152.15,50.0,62,0,16.11,AU,1619114000
513,Acaraú,-2.8856,-40.12,83.57,70,31,9.84,BR,1619114001
514,San Juan,-31.5375,-68.5364,70.32,38,5,6.08,AR,1619113802
515,Urusha,54.05,122.9,21.94,72,100,4.25,RU,1619114001
516,Palauig,15.435,119.9045,79.07,79,99,11.63,PH,1619114001
517,Nazareno,25.3833,-103.4167,84.0,21,75,4.07,MX,1619114002
518,Ginir,7.1333,40.7,59.95,84,99,3.62,ET,1619114002
519,Lat Yao,15.751,99.7893,86.0,82,32,5.88,TH,1619113738
520,Khani,41.9563,42.9566,53.6,87,90,8.05,GE,1619114002
521,Ojinaga,29.5667,-104.4167,66.99,42,1,3.44,MX,1619113762
522,Telimele,10.9167,-13.3333,91.58,31,89,6.26,GN,1619114002
523,Fairbanks,64.8378,-147.7164,45.0,44,1,6.91,US,1619113777
524,Ust-Kuyga,70.0167,135.6,-13.81,99,46,0.96,RU,1619114003
525,Marion,39.7684,-86.1555,50.0,34,75,12.66,US,1619114003
526,Apac,1.9756,32.5386,66.09,97,99,3.56,UG,1619114003
527,Tendūkheda,23.4,79.55,85.51,15,93,2.08,IN,1619114004
528,Belyy Yar,53.6039,91.3903,30.2,51,0,8.95,RU,1619114004
529,Agirish,61.9247,63.0231,47.89,51,98,8.97,RU,1619114004
530,Swan River,52.1058,-101.2676,49.87,60,55,19.66,CA,1619114005
531,Benalla,-36.55,145.9833,48.2,93,90,1.9,AU,1619114005
532,Brisbane,-27.4679,153.0281,57.99,62,0,5.75,AU,1619114005
533,Esim,4.8699,-2.2405,83.57,78,65,10.54,GH,1619114005
534,Anadyr,64.75,177.4833,6.8,92,96,8.95,RU,1619114006
535,Aykhal,66.0,111.5,23.49,94,100,25.01,RU,1619113741
536,Lakes Entrance,-37.8811,147.981,55.0,73,91,12.12,AU,1619114006
537,Douentza,14.9951,-2.9517,103.28,8,95,6.04,ML,1619114006
538,Tarko-Sale,64.9225,77.785,30.0,79,84,1.99,RU,1619114007
539,Plainview,40.7765,-73.4673,48.0,31,40,20.71,US,1619114007
540,Paciran,-6.8767,112.3761,77.47,77,73,3.74,ID,1619113813
541,Tual,-5.6667,132.75,83.8,72,85,9.66,ID,1619114007
542,Challans,46.8436,-1.8749,68.0,42,0,16.11,FR,1619114008
543,Auki,-8.7676,160.7034,77.18,85,97,4.18,SB,1619114008
544,Marystown,47.1666,-55.1483,42.6,96,100,24.25,CA,1619114008
